Anarana,Fanampiny,Datenahaterahana,LahynaVavy,AdresyetoAntananarivo,Tragnobe,Fiavianaantanana,Laharanafinday,mailaka
RAVELOMAHEFA,Serge,09/12/1995,Homme,Tongarivo,Boeny,Majanga,340981514,ravelomahefaserge@gmail.com
Rakoto,Jean,01/01/1990,Homme,Alarobia,Tsiroanomandidy,Toliara,341234567,jean.rakoto@gmail.com
Rasoarimalala,Marie,05/15/1992,Femme,Ambohimanarina,Ambatolampy,Antsirabe,348765432,marie.rasoarimalala@yahoo.com
Andriamanalina,Joseph,08/20/1985,Homme,Analakely,Antsiranana,Sambava,341122334,joseph.andriamanalina@outlook.com
Rabary,Alice,12/30/1998,Femme,Antaninarenina,Morondava,Fianarantsoa,344455667,alice.rabary@hotmail.com
Colon,Sara,21/08/1988,Homme,New Masonburgh,Rachelhaven,Michaelhaven,+1-695-413-7553x527,ann77@robinson.info
Aguilar,Sharon,03/06/2005,Homme,Port Christopher,Allenville,Patelview,+1-894-227-6337,rachel92@leach.org
Vasquez,Angel,08/06/1956,Homme,Garyland,East Curtis,New Alicia,874-202-6291x00593,lflores@yahoo.com
Hicks,James,05/01/1979,Femme,Lawrenceberg,Lake Brian,Woodton,930-721-0554,ljones@yahoo.com
Kramer,Ricardo,10/03/1966,Homme,Thomasville,East Shawn,Paulport,(116)457-9827x79830,angiebenson@hotmail.com
Miller,Charles,10/08/2004,Femme,Lake Ericstad,Julieshire,Port Dariuschester,(862)055-6687x6539,brian49@hotmail.com
Ward,Jennifer,25/10/1984,Homme,Jessicamouth,Matthewsburgh,Port Robertbury,192-020-5162,fowlersara@gmail.com
Merritt,Matthew,26/12/1958,Homme,West Brandon,Shepardbury,Hollyfort,(115)045-9646,holmesrobert@gmail.com
Gibbs,Elizabeth,02/01/1969,Homme,Port Dianestad,South Matthewmouth,East Johnton,857-161-9534,averyrobert@walker-wilkerson.com
Morrow,Amber,31/08/1976,Femme,South Sean,West Kelsey,Moraleston,+1-481-984-9749x457,morrisconnor@stone.com
Sparks,Thomas,23/03/2005,Homme,Bennetttown,Wyattland,New Lynnborough,+1-087-228-0521,gmartinez@hotmail.com
Byrd,Timothy,18/07/1978,Femme,Jessicaton,New Patrickport,Brianmouth,837-664-9108,kathrynhenderson@wilson-rivera.org
Snyder,Vickie,10/09/1992,Femme,Wellsmouth,South Jillborough,Lake Michael,(043)143-7955,christopher96@gomez.com
Johnson,Nicholas,25/03/1978,Femme,Lake April,Williamsland,Nicholasmouth,001-642-235-1288x5300,fmoore@yahoo.com
Cabrera,Christopher,16/09/1984,Homme,East Trevor,East Michaelview,South Rachelville,9473783620,lauren04@cooper-wells.com
Ferguson,Troy,29/08/1958,Femme,Frankside,Joseburgh,New Anthonyville,(442)074-3988x05157,leslie73@gmail.com
Dominguez,Diana,14/11/1985,Homme,West Carmen,Maldonadofurt,Copelandfort,431-285-0652,eric16@hotmail.com
Morales,Cody,30/05/1984,Femme,Timothyside,Port Karenborough,Yufort,+1-562-194-9464x2065,natasha80@fowler.com
Stout,Mary,18/10/1977,Homme,Angelashire,Nelsonberg,West Alexandra,122.988.4352,mendozalindsey@hotmail.com
White,Stephanie,14/09/2001,Homme,Lake Joseph,Powerston,South Elizabethtown,+1-400-211-8620,anna05@freeman.com
Phillips,Nicholas,08/05/2006,Homme,East Mikeland,New Davidhaven,Anthonymouth,+1-344-979-8642,patricia74@mccarthy.com
Briggs,Paul,19/12/1966,Homme,New Michael,Josephville,Juliehaven,039-015-8229x447,hknox@hunter.biz
Everett,Lori,01/07/1987,Homme,Port Travis,East Natalie,Tylerbury,(295)988-9673x6066,waustin@martinez.net
Russell,Jeffrey,31/12/2003,Homme,North Julie,Jessicastad,Rosalesfurt,506-302-7533,phillip88@hardy.com
Garcia,Lacey,09/06/1971,Homme,West Gloriafurt,Port Jeffrey,East Steveborough,+1-559-113-0895x5031,shirleywhitney@gmail.com
Williams,Jamie,16/12/1972,Femme,Bethton,New Mariofurt,North Sharon,(114)530-4478x3777,qlane@gmail.com
Kelly,Katie,17/02/1999,Homme,Josefurt,West James,North Michaelmouth,(179)326-9516,tonyhodges@evans.com
Kelly,Michael,25/05/1973,Femme,Allenburgh,East Deborahstad,West Lisaberg,827-864-7748,heather49@martinez-hancock.com
Wilson,Alan,11/06/1954,Femme,Jonesshire,North Annafort,Davidburgh,+1-893-870-0168x27330,vaughnpaul@yahoo.com
Brady,Brian,23/12/1988,Homme,East Robert,Gonzalezton,Brentburgh,154-701-9880,xrobinson@hotmail.com
Williams,Johnny,20/03/1987,Femme,Ronaldchester,North Thomas,Port John,+1-871-250-2760x461,taylorbrooke@hughes.info
Wilson,Cheryl,29/04/1957,Femme,Morrowfort,Sheltonhaven,Destinytown,001-002-032-2127x5616,wardbethany@nichols.com
Wolfe,Angela,03/06/1969,Femme,West David,Lake Madison,North Nathaniel,+1-051-484-5107x73165,aliciasmith@hotmail.com
Nguyen,Daniel,11/06/1990,Femme,Huffton,Ashleyland,East Gabrielland,(785)294-0169,jacobsonnancy@gutierrez-delgado.com
Green,Michelle,14/08/1992,Femme,Jamesbury,Lake Sharonmouth,North Russellview,768-815-6652x1587,pwilliams@carter.com
Walker,Tammy,26/12/1974,Homme,Lake George,Matthewhaven,Lake Brian,600-183-8444x18775,kellycampbell@yahoo.com
Kramer,Meredith,05/01/1961,Homme,Russelltown,Edwardston,Gregshire,(242)236-2904x95276,victordavis@miller.com
Rollins,Brian,25/09/1955,Femme,Jenniferton,Gomezfort,Lake Jesse,182.098.8226x1221,zgarcia@hotmail.com
Baker,Mark,27/12/1960,Homme,Michellefurt,North Debra,Stevensstad,778.214.7168,quinnjohn@yahoo.com
Townsend,Edward,24/01/1987,Femme,Gordonfurt,Port Michellestad,Rossmouth,001-182-684-0907x1546,abbottderrick@gmail.com
Johnson,Laura,16/01/1982,Femme,New Thomashaven,West Teresabury,Sanchezstad,(147)742-8787,chavezsusan@blair.com
Haley,Michael,15/02/1992,Femme,New Amandaview,Samuelbury,Port Michaelburgh,+1-729-937-8117,zacharywilliams@gmail.com
George,Olivia,01/04/1990,Femme,Kristinfort,Christianberg,New Richardbury,+1-856-137-2246x2466,oliverstanley@hurley.com
Mcdaniel,Lauren,06/03/1995,Femme,Youngmouth,North Josemouth,Louisland,(523)138-2828x184,smithderek@gmail.com
Mann,Jonathan,11/12/1988,Femme,Lake Virginia,Robinsonstad,Lake Gregorystad,700.158.4164x4648,stewartdanielle@yahoo.com
Brown,Johnathan,12/01/2002,Femme,South Jason,South Jessica,South Amanda,791.100.9319x880,hayeslawrence@howard.com
Lawrence,Shelby,04/10/1989,Femme,Mccannstad,Daveside,Port Kyle,123.799.9353x72343,hdavis@choi-banks.com
Long,Taylor,13/01/1966,Homme,South Marcus,North Christophermouth,Walkermouth,804-830-4994x3689,anne35@hotmail.com
Gregory,Vernon,17/06/1962,Homme,South Debraberg,Michaelshire,Ryanbury,194.049.7092,sarawilliams@caldwell-miller.org
Harris,Russell,06/12/2004,Femme,New Marcus,Debraton,New Richard,(499)320-2846x855,gwendolyncampos@yahoo.com
Johnson,Michelle,16/09/1987,Homme,New Mark,Donaldport,East Jackside,954.019.1754,efleming@wolf.com
Carney,Brian,28/01/1974,Femme,New Christopherville,Riddlechester,Lake Larry,001-372-509-7915x66744,amyferguson@reeves.info
King,Marcus,28/07/2002,Femme,Meganberg,Lake Lauren,New Kristin,(566)380-5545,robertsrachel@diaz-patton.com
Welch,Clifford,05/06/1954,Femme,Lake Nicholas,Nicolemouth,South Katherineshire,+1-749-730-3100x92992,kathleen94@wilson.info
Scott,Victoria,27/08/1989,Femme,Lake Brian,New Lorifurt,New Edwardland,006-178-4563x448,patrickcox@dennis.net
Hogan,Max,14/07/1987,Homme,Bryantburgh,West Eric,Flynnstad,001-769-611-3080x725,bowenmichael@yahoo.com
Wyatt,Melissa,06/08/2003,Homme,East Elizabeth,South Matthew,West Ricky,001-903-084-7293,kaisersamantha@yahoo.com
Holden,Cody,22/03/1988,Femme,Joelberg,West Amanda,Lake Angelville,563.141.3918x228,brandonmoore@hotmail.com
Dean,Richard,16/09/2005,Homme,Lake Sarafort,West Emily,Perezfurt,668.920.0163x8128,rsweeney@garcia.com
Hughes,Melanie,19/05/1995,Homme,Blackfurt,Port Jamesstad,New Anna,001-689-770-3903x1027,ericksonbrandi@garcia.org
Hunt,Curtis,12/10/1990,Homme,Christinemouth,North Alyssa,Lake Bradyfurt,001-511-903-5655,austin86@mack.biz
Reeves,Robert,11/02/1994,Femme,Sharontown,North Yvonneborough,Port Stanleyville,(054)844-1854x67720,matthewsellers@hotmail.com
Morris,Todd,17/08/1983,Homme,Ashleyberg,South Marilyntown,North Amymouth,+1-274-044-2391,sbrooks@gmail.com
Leon,Jason,26/11/1983,Homme,Brandonberg,North Natalieville,Allisonview,6309507155,wpowers@gmail.com
Turner,Ana,09/08/1990,Femme,Lake Laurenburgh,New Nicolehaven,Jacobstad,001-522-762-3543x4174,annafarrell@gmail.com
Fleming,Austin,08/07/1980,Homme,East David,South Markborough,Garciaville,863.011.9440x7376,lanemary@gmail.com
Jones,Steven,01/07/1955,Homme,Bradystad,Howellchester,New Kevin,(406)110-6632x397,frances27@yahoo.com
Glover,Jacob,27/02/1980,Homme,North Timothy,New Kristina,Moniqueshire,768-619-2257,bryanalvarado@johnson-griffin.com
Robinson,Angela,14/03/1962,Homme,Port Carol,Mckenzieville,Amberborough,977.086.4410x08768,montgomerykatherine@ibarra.info
Burns,Erika,06/06/1978,Femme,Douglasville,Carmenberg,New Kristinville,001-369-812-6419,elizabethreynolds@gmail.com
Brown,Kyle,12/08/1961,Femme,Cervantesfort,West Philliptown,Port Dalton,+1-069-919-5847x794,dukeheather@hotmail.com
Nunez,Erin,20/02/1954,Homme,Kennethland,Meaganland,Bishopside,(015)621-0079x43118,vtate@evans.com
Wright,Adam,16/08/2005,Homme,Josephfurt,Cunninghamport,Port Autumnport,074.310.2099,baldwindavid@yahoo.com
Singleton,Jason,12/08/1966,Homme,Andreaview,Lake Kevin,South Daniellehaven,(454)013-4428x4800,michael86@yahoo.com
Walker,Jennifer,05/09/1954,Homme,Kennethville,South Michelleburgh,Nelsonville,268-389-5931x4137,svincent@yahoo.com
Schultz,Terrence,14/06/1973,Femme,Sheltonbury,South Lindsey,Darrellton,4885931588,brandysingh@gmail.com
Donaldson,Rose,01/07/1990,Femme,Craigside,Melissabury,Lake Lisa,(217)638-1985,gperry@miller.info
Brown,Patrick,13/12/1969,Femme,Ronaldborough,Reginabury,North Marcusberg,(329)280-3160x49638,lmiller@hotmail.com
Alvarez,Catherine,26/06/1984,Femme,Lake Craigview,East Samueltown,South Teresa,(492)418-8007,shelleymiller@gmail.com
Ballard,Keith,28/04/2001,Homme,North John,Garciachester,Patrickville,2065589624,johnmiller@young.net
Steele,Rebecca,02/02/1995,Homme,Paulton,Lindaberg,Port Christopher,3082246431,morganbryan@hotmail.com
Gonzalez,Susan,04/12/1956,Homme,Christopherhaven,North Kathyshire,Rodriguezmouth,114.285.5708x8537,jennifer47@rodriguez.com
Santos,Amanda,04/01/1999,Homme,Smithchester,South Randyburgh,West Angelicaberg,253-727-6047x629,lferguson@yahoo.com
Ramos,Justin,19/10/1977,Homme,South Denise,North Isaiah,West Megan,+1-839-636-1568,haley67@gmail.com
Jenkins,James,28/12/1983,Femme,Floresmouth,Stoutland,New Tiffany,8417085468,kennethhendricks@kelley.net
Martinez,James,01/06/1957,Homme,East Corystad,Lake Brett,South Holly,+1-221-627-4004x76211,jordanadams@butler-wade.com
Wilson,Rebekah,29/12/1962,Homme,Richardsonbury,Courtneybury,Barnesshire,+1-539-686-6552x8007,wiseaudrey@yahoo.com
Reed,Melissa,19/05/1969,Homme,North Bobbytown,West Catherineshire,Lake Joshuafurt,673.968.8176,daniel61@thompson.com
Johnson,Vicki,31/03/1958,Femme,East Johnny,Lake David,Walkerberg,407-780-3295,nicolemartin@gmail.com
Morrow,Brenda,10/09/1969,Homme,West Robin,Phamhaven,Chadstad,001-638-274-3756x19613,nbishop@yahoo.com
Keith,Kimberly,16/07/1965,Homme,Roberthaven,South Mary,Lake John,620-093-1640x906,michaelsullivan@yahoo.com
Simmons,Patrick,09/12/1981,Femme,New Samantha,Fryefurt,Hornborough,001-595-959-8507,kbailey@yahoo.com
Gill,Brittany,05/02/1965,Homme,South Joshua,East Kathleen,East Alexander,424.381.0719x108,bobbygray@hotmail.com
Brown,Jean,12/05/1984,Femme,West James,North Ronnie,Gregoryport,2908562981,carl39@hotmail.com
Neal,Elizabeth,14/10/1963,Femme,New Jessica,Lake Christine,West Debra,383.379.4764x002,stephanie22@hotmail.com
Johnson,Ryan,08/10/1967,Homme,Micheleview,North Amy,Jonesbury,041-377-0571x3755,jballard@hotmail.com
Jennings,Robert,10/07/1963,Femme,Rogersstad,Port Michaelport,East Roy,+1-975-387-7401x029,nicole31@chapman.com
King,Whitney,06/11/1989,Femme,Georgefurt,Lake Heidi,Christinaside,9588795765,shogan@hotmail.com
Welch,Jeffrey,09/03/2003,Homme,Port Paulville,Stacyfort,Port Andrew,(155)415-3467x8917,velazquezmary@gmail.com
Holt,Kimberly,22/09/1995,Femme,North Richardmouth,Suzanneton,Teresafurt,2088085364,schmidtjohnathan@thornton.com
